[TOC]

## 事务

### 事务的ACID：
1. `Atomic`（原子性）：事务中包含的操作被看做一个逻辑单元，这个逻辑单元中的操作要么全部成功，要么全部失败。
2. `Consistency`（一致性）：事务完成时，数据必须处于一致状态，数据的完整性约束没有被破坏，事务在执行过程中发生错误，会被回滚（Rollback）到事务开始前的状态，就像这个事务从来没    有执行过一样。
3. `Isolation`（隔离性）：事务允许多个用户对同一个数据进行并发访问，而不破坏数据的正确性 和完整性。同时，并行事务的修改必须与其他并行事务的修改相互独立。
4. `Durability`（持久性）：事务结束后，事务处理的结果必须能够得到固化。

Isolation:[ˌaɪsəˈleɪʃn]
Durability:[ˌdjʊərə'bɪlətɪ]


### 隔离级别



1. 脏读：事务A读取了事务B更新的数据，然后B回滚操作，那么A读取到的数据是`脏数据`
2. 不可重复读：事务 A `多次读取同一数据`，事务 B 在事务A多次读取的过程中，对数据作了`更新`并提交，导致事务A多次读取同一数据时，`结果不一致`。
3. 幻读：系统管理员A将数据库中所有学生的成绩从具体分数改为ABCDE等级，但是系统管理员B就在这个时候`插入`了一条具体分数的记录，当系统管理员A改结束后发现还有一条记录没有改过来，就好像发生了幻觉一样，这就叫幻读。


不可重复读的和幻读很容易混淆，`不可重复读`侧重于`修改`，幻读侧重于`新增或删除`.解决`不可重复读`的问题只需`锁住满足条件的行`，解决`幻读`需要`锁表`


###MySQL事务隔离级别

|事务隔离级别	|脏读	|不可重复读|	幻读
|:-:|:-:|:-:|:-:|
|读未提交(read-uncommitted)|是|是|是
|不可重复读(read-committed)|`否`|是|是
|可重复读(repeatable-read) |`否`|`否`|是
|串行化(serializable)      |`否`|`否`|`否`

MySQL默认的事务隔离级别为`repeatable-read`


[MySQL的四种事务隔离级别](https://www.cnblogs.com/huanongying/p/7021555.html)




## 数据库设计


### 三大范式+1

1. 1NF: 关系模式R的每个属性值都是`不可分解`的数据项
2. 2NF: 满足1NF，且不存在任何非主属性对候选关键字的`部分函数依赖`
3. 3NF：满足1NF，2NF，且不存在非主属性对候选关键字的`传递函数依赖`
4. BCNF: 满足1NF，且每个属性都不传递依赖于R的候选键






## 数据库常见操作


groupBy，orderBy，子查询


### join : 连接


什么是左连接，什么是右连接，什么是全连接，什么是内连接？

左连接就是左边优先，左边只要要数据，就一定会出现在结果集合中。



![](.images/数据库/2019-03-07-15-52-49.png)

```sql
-- A 表和B表 在name 字段 唯一化 的所有数据，也就是所有A.name 加B.name 不重复
SELECT name FROM TableA UNION SELECT name FROM TableB

-- A.name +B.name 可以重复
SELECT name FROM TableA UNION ALL SELECT name FROM TableB

```

参考： [图解SQL的inner join、left join、right join、full outer join、union、union all的区别](https://www.cnblogs.com/logon/p/3748020.html)


```sql 
create table students(
	id int primary key,
	name varchar(64)
);
insert into students(id,name) values(1,'Jak'),(2,'Mary'),(3,'Kid');
create table score_list(
	id int not null auto_increment primary key,
	uid int,
	name varchar(64)
);

insert into score_list(uid,name) values(1,98),(2,70),(4,50);

mysql> select * from students;
+----+------+
| id | name |
+----+------+
|  1 | Jak  |
|  2 | Mary |
|  3 | Kid  |
+----+------+

mysql> select * from score_list;
+----+------+------+
| id | uid  | name |
+----+------+------+
|  1 |    1 | 98   |
|  2 |    2 | 70   |
|  3 |    4 | 50   |
+----+------+------+

mysql> select *  from students s left join score_list r  on s.id=r.uid;
+----+------+------+------+------+
| id | name | id   | uid  | name |
+----+------+------+------+------+
|  1 | Jak  |    1 |    1 | 98   |
|  2 | Mary |    2 |    2 | 70   |
|  3 | Kid  | NULL | NULL | NULL |
+----+------+------+------+------+
3 rows in set (0.00 sec)

mysql> select *  from students s right join score_list r on s.id=r.uid;
+------+------+----+------+------+
| id   | name | id | uid  | name |
+------+------+----+------+------+
|    1 | Jak  |  1 |    1 | 98   |
|    2 | Mary |  2 |    2 | 70   |
| NULL | NULL |  3 |    4 | 50   |
+------+------+----+------+------+
3 rows in set (0.00 sec)

mysql> select *  from students s inner join score_list r on s.id=r.uid;
+----+------+----+------+------+
| id | name | id | uid  | name |
+----+------+----+------+------+
|  1 | Jak  |  1 |    1 | 98   |
|  2 | Mary |  2 |    2 | 70   |
+----+------+----+------+------+
2 rows in set (0.00 sec)
```

mysql不支持full outer join



### union ：同表交集


主要用于合并两个拥有相同字段的集合

使用Union，则所有返回的行都是唯一的，如同您已经对整个结果集合使用了;

```sql

create table phone_list(
	id int not null auto_increment,
	name varchar(32),
	phone varchar(18),
	primary key (id)
);

insert into phone_list(name,phone) values 
('Mary','135000000001'),
('Jake','135000000002'),
('Lily','135000000003'),
('Mike','135000000004'),
('Banc','135000000005'),
('Rany','135000000006');

mysql> select * from phone_list;
+----+------+--------------+
| id | name | phone        |
+----+------+--------------+
|  1 | Mary | 135000000001 |
|  2 | Jake | 135000000002 |
|  3 | Lily | 135000000003 |
|  4 | Mike | 135000000004 |
|  5 | Banc | 135000000005 |
|  6 | Rany | 135000000006 |
+----+------+--------------+

mysql> select * from phone_list a where a.id in (1,2) union select * from phone_list b where b.id >5;
+----+------+--------------+
| id | name | phone        |
+----+------+--------------+
|  1 | Mary | 135000000001 |
|  2 | Jake | 135000000002 |
|  6 | Rany | 135000000006 |
+----+------+--------------+

mysql> select * from phone_list a where a.id in (1,2) union select * from phone_list b where b.id <4;
+----+------+--------------+
| id | name | phone        |
+----+------+--------------+
|  1 | Mary | 135000000001 |
|  2 | Jake | 135000000002 |
|  3 | Lily | 135000000003 |
+----+------+--------------+
3 rows in set (0.00 sec)

```

### group by


#### 通过order by null禁止自动排序

默认情况下，mysql对group by 的结果进行排序，相当于group by  col1,col2 order by col1,col2

可以通过order by null禁止自动排序；
```sql
explain select dept_no,count(emp_no) from dept_emp group by (dept_no);

explain select dept_no,count(emp_no) from dept_emp group by (dept_no) order by null;

```

#### having和where：

+ having只能用在group by之后，对分组后的结果进行筛选(即使用having的前提条件是分组)。
+ where肯定在group by 之前
+ where后的条件表达式里不允许使用聚合函数，而having可以。
+ 当一个查询语句同时出现了where,group by,having,order by的时候，执行顺序和编写顺序是：
	1. 执行where xx对全表数据做筛选，返回第1个结果集。
	2. 针对第1个结果集使用group by分组，返回第2个结果集。
	3. 针对第2个结果集中的每1组数据执行select xx，有几组就执行几次，返回第3个结果集。
	4. 针对第3个结集执行having xx进行筛选，返回第4个结果集。
	5. 针对第4个结果集排序。



例子：
按由高到低的顺序显示个人平均分在70分以上的学生姓名和平均分，为了尽可能地提高平均分，在计算平均分前不包括分数在60分以下的成绩，并且也不计算贱人（jr）的成绩。
分析：
1．要求显示学生姓名和平均分
因此确定第1步
```sql
select s_name,avg(score) from student
``` 
2．计算平均分前不包括分数在60分以下的成绩，并且也不计算贱人（jr）的成绩
```sql
where score>=60 and s_name !=’jr’
```

3．显示个人平均分
相同名字的学生（同一个学生）考了多门科目
```sql
group by s_name
```

4．显示个人平均分在70分以上
```sql
having avg(s_score)>=70
```
5．按由高到低的顺序
```sql
order by avg(s_score) desc
```

参考：
+ [where,having与 group by连用的区别](https://www.cnblogs.com/toward-the-sun/p/4041449.html)



## SQL注入